{
  "project_info": {
    "project_number": "715068480850",
    "firebase_url": "https://myfirstproject-7b8c1.firebaseio.com",
    "project_id": "myfirstproject-7b8c1",
    "storage_bucket": "myfirstproject-7b8c1.appspot.com"
  },
  "client": [
    {
      "client_info": {
        "mobilesdk_app_id": "1:715068480850:android:1c1aee681ebd7ec6",
        "android_client_info": {
          "package_name": "com.serifgungor.firebasedatabaseornegi"
        }
      },
      "oauth_client": [
        {
          "client_id": "715068480850-ucnqp21i3qnjrfjs53eos7gthq16vsq9.apps.googleusercontent.com",
          "client_type": 3
        }
      ],
      "api_key": [
        {
          "current_key": "AIzaSyDiNfT3l647BZ3oblZid_OOzUmdAuYhnfY"
        }
      ],
      "services": {
        "analytics_service": {
          "status": 1
        },
        "appinvite_service": {
          "status": 1,
          "other_platform_oauth_client": []
        },
        "ads_service": {
          "status": 2
        }
      }
    }
  ],
  "configuration_version": "1"
}