{
  "project_info": {
    "project_number": "736344106233",
    "firebase_url": "https://fir-storage-e739b.firebaseio.com",
    "project_id": "fir-storage-e739b",
    "storage_bucket": "fir-storage-e739b.appspot.com"
  },
  "client": [
    {
      "client_info": {
        "mobilesdk_app_id": "1:736344106233:android:4b0270d5dbcd974b",
        "android_client_info": {
          "package_name": "com.serifgungor.firebasestorageornegi"
        }
      },
      "oauth_client": [
        {
          "client_id": "736344106233-g6baqknidm71m96kgrfpot975jqkhafo.apps.googleusercontent.com",
          "client_type": 3
        }
      ],
      "api_key": [
        {
          "current_key": "AIzaSyArGVE9ai5npIg1qTwevpR5ZKfmsbKmli0"
        }
      ],
      "services": {
        "analytics_service": {
          "status": 1
        },
        "appinvite_service": {
          "status": 1,
          "other_platform_oauth_client": []
        },
        "ads_service": {
          "status": 2
        }
      }
    }
  ],
  "configuration_version": "1"
}